id,candidate,make,model_trim,model_year,price_aed,status,acquisition,state,mileage_km,source_url,powertrain,normalized_score,score_pct,rank,evidence,Purchase Price,Resale Value / Depreciation,Reliability & Maintainability,Service Network & Parts Availability,Comfort & NVH,Safety & ADAS,UAE Climate & Road Suitability,Total Cost of Ownership,Practicality & Space,Fuel Economy / Driving Range,Performance & Driveability,Technology & Convenience
1,Chevrolet Blazer RS — Used 2024,Chevrolet,Blazer RS 3.6L AWD,2024,124750,Conditional — age gate,Used / GCC — first-registration gate,Used,14900,https://www.dubicars.com/2024-chevrolet-blazer-chevrolet-blazer-2024-gcc-specs-for-195400-aed-monthly-1017981.html,ICE,0.7777905638665132,77.8,33,"AED 124.75k at 14.9k km. Much first-owner depreciation is already absorbed, but thin supply and age-gate verification reduce confidence.",5,2,4,4,5,5,4,3,4,4,5,5
2,Honda ZR-V EX — Used 2024,Honda,ZR-V EX 1.5 Turbo,2024,90000,Conditional — age gate,Used / GCC — first-registration gate,Used,20000,https://www.dubicars.com/2024-honda-zr-v-ex-1014029.html,ICE,0.8298619102416571,83.0,23,"AED 90k at ~20k km versus ~AED 119.9k new. Attractive discount and strong Honda support, but UAE ZR-V resale history is still shallow. Verify first registration.",5,3,4,5,4,5,4,5,3,5,4,4
3,Mitsubishi Outlander GLX — Used 2025,Mitsubishi,Outlander GLX Midline,2025,81999,To Evaluate,Used / GCC,Used,7768,https://www.dubicars.com/uae/used/Mitsubishi/Outlander/2025,ICE,0.8503452243958574,85.0,19,About AED 82k at 7.8k km. Strong reliability and useful 7-seat packaging; compare with current new-car campaigns because the used/new gap can be small.,5,4,5,4,4,4,4,4,5,5,3,4
4,Ford Territory — Used 2025 market ref,Ford,Territory,2025 market median,85000,Market reference,Used-market reference / GCC verify,Used,35078,https://gcccardeals.com/en-ae/trends/ford/territory/2025,ICE,0.7863060989643268,78.6,30,"Used pricing is attractive, but asking prices have compressed quickly. Comfortable and feature-rich; resale/depreciation is the main penalty.",5,3,3,4,5,4,4,4,4,5,4,5
5,Toyota RAV4 Hybrid EX — New 2026,Toyota,RAV4 Hybrid EX FWD,2026,114900,Preferred alternative,New / GCC,New,0,https://www.toyota.ae/en/new-cars/rav4-hybrid/,HEV,0.9384925201380898,93.8,3,"AED 114.9k new. Strong reliability, resale, service coverage and hybrid efficiency. Low-risk long-hold alternative.",5,5,5,5,4,5,4,5,4,5,4,4
6,Honda CR-V LX — New 2025 (0 km),Honda,CR-V LX 2WD,2025,104900,Recommended — verify listing,New / unregistered GCC — verify provenance,New,0,https://uae.yallamotor.com/new-cars/honda/cr-v/2025/inventory/new-honda-cr-v-2025-abu-dhabi-2121748,ICE,0.9731300345224396,97.3,1,"AED 104.9k zero-km/unregistered GCC candidate in Abu Dhabi. Excellent ownership fundamentals; verify VIN, provenance, warranty start and registration status before payment.",5,5,5,5,5,5,4,5,5,5,4,4
7,Nissan X-Trail S 4WD — Used 2024 CPO,Nissan,X-Trail S 2.5 4WD 5S,2024,82000,Conditional — age gate,Used / GCC CPO — first-registration gate,Used,34307,https://www.dubicars.com/2024-nissan-x-trail-25-882848.html,ICE,0.9378020713463752,93.8,5,AED 82k at 34.3k km CPO. Strong service/resale/practicality; excellent value if first-registration age gate is satisfied.,5,5,5,5,4,4,5,5,5,5,3,4
8,Mazda CX-5 GL — Used 2025,Mazda,CX-5 GL 2.5L,2025,67399,To Evaluate,Used / GCC,Used,47941,https://www.dubicars.com/2025-mazda-cx-5-2025-aed-1025month-0-dp-30-day-return-warranty-995802.html,ICE,0.8891829689298044,88.9,8,"AED 67.4k at 47.9k km. Strong reliability/safety and driving dynamics; value is high, but mileage is already close to the 60k-km eligibility ceiling.",5,4,5,4,4,5,4,5,4,5,5,4
9,Volkswagen Tiguan Life — Used 2025,Volkswagen,Tiguan Life 1.4L,2025,84990,To Evaluate,Used / GCC,Used,29008,https://www.dubicars.com/2025-volkswagen-tiguan-996561.html,ICE,0.8663406214039125,86.6,16,AED 84.99k at 29k km with advertised warranty/service. Strong comfort and tech; resale and long-run maintenance certainty are softer than Japanese peers.,5,4,4,4,5,5,4,4,4,5,4,5
10,Hyundai Tucson — Used 2026 market ref,Hyundai,Tucson,2026 market median,89000,Market reference,Used-market reference / GCC verify,Used,4605,https://gcccardeals.com/en-ae/trends/hyundai/tucson/2026,ICE,0.8891254315304948,88.9,10,Around AED 89k at 4.6k km market median. Strong feature/safety package and reliability; exact trim/VIN and warranty need verification.,5,4,5,4,5,5,4,4,4,5,3,5
11,Kia Sportage LX — Used 2025,Kia,Sportage LX,2025,75199,Availability recheck,Used / GCC — availability recheck,Used,18062,https://www.dubicars.com/2025-kia-sportage-2025-aed-1143month-0-dp-30-day-return-warranty-service-history-1021586.html,ICE,0.8707134637514384,87.1,13,AED 75–80k target band. Strong used value and deep market; recheck listing availability and negotiate against falling asking prices.,5,4,5,4,4,5,4,4,4,5,4,5
12,Ford Territory Titanium HEV — New 2026,Ford,Territory Titanium HEV 1.5 Turbo Hybrid,2026,148995,Quote required,New / GCC — published price reference,New,0,https://carprices.ae/brands/ford/2026/territory,HEV,0.7837169159953971,78.4,32,"Published AED 148,995 reference; dealer quote required. Excellent efficiency/comfort/technology, but resale compression and limited hybrid history are material risks.",4,3,3,4,5,5,4,4,4,5,3,5
13,Ford Territory Titanium ICE — New 2026,Ford,Territory Titanium 1.8 EcoBoost,2026,139995,Quote required,New / GCC — published price reference,New,0,https://carprices.ae/brands/ford/2026/territory,ICE,0.7981012658227848,79.8,28,"Published AED 139,995 reference. Strong comfort/technology and good efficiency, but new-car depreciation exposure is significant.",4,3,3,4,5,5,4,4,4,5,5,5
14,Ford Territory Titanium — Used 2025,Ford,Territory Titanium 1.8 EcoBoost,2025,85999,To Evaluate,Used / GCC,Used,20593,https://www.dubicars.com/dubai/used/ford/cars-with-parking-assist?page=6,ICE,0.7863060989643268,78.6,30,"AED 85,999 at ~20.6k km. Much more capital-efficient than new Titanium pricing, while retaining the same broad comfort/technology strengths.",5,3,3,4,5,4,4,4,4,5,4,5
15,Honda ZR-V LX — New 2025,Honda,ZR-V LX 1.5 Turbo,2025,119900,To Evaluate,New / GCC,New,0,https://www.honda.ae/en/cars/suv/,ICE,0.8298619102416571,83.0,23,"AED 119.9k new. Strong Honda support and efficiency, but resale depth remains lower than CR-V/RAV4.",5,3,4,5,4,5,4,5,3,5,4,4
16,Honda CR-V LX — Used 2025 (149 km),Honda,CR-V LX 2WD,2025,102999,To Evaluate,Used / GCC,Used,149,https://www.dubicars.com/dubai/used/honda/cr-v/2025,ICE,0.9731300345224396,97.3,1,"AED 102,999 at ~149 km. Same strengths as the zero-km CR-V; only ~AED 1.9k cheaper, so verify warranty start/provenance before accepting the used-state trade.",5,5,5,5,5,5,4,5,5,5,4,4
17,Nissan X-Trail S — New 2026,Nissan,X-Trail S 2WD 5S,2026,103900,To Evaluate,New / GCC,New,0,https://en.nissan-abudhabi.com/vehicles/new/x-trail.html,ICE,0.9378020713463752,93.8,5,"AED 103.9k new. Strong local service, resale and practicality, with clean history and no age-gate risk.",5,5,5,5,4,4,5,5,5,5,3,4
18,Toyota RAV4 Hybrid EX — Used 2025,Toyota,RAV4 Hybrid EX FWD,2025,94999,To Evaluate,Used / GCC,Used,18176,https://www.dubicars.com/2025-toyota-rav4-2025-aed-1444month-20-dp-30-day-return-warranty-service-history-1019962.html,HEV,0.9384925201380898,93.8,3,"AED 94,999 at ~18.2k km. Preserves strong RAV4 ownership fundamentals while absorbing first-owner depreciation.",5,5,5,5,4,5,4,5,4,5,4,4
19,Mitsubishi Outlander GLX — New 2026,Mitsubishi,Outlander GLX Midline,2026,79900,Verify stock/trim,New / GCC — price/stock verify,New,0,https://uae.yallamotor.com/new-cars/mitsubishi/outlander/2026,ICE,0.8503452243958574,85.0,19,"AED 79.9k starting reference. If exact trim/stock is genuinely comparable, the new unit can dominate the selected used 2025 benchmark.",5,4,5,4,4,4,4,4,5,5,3,4
20,Volkswagen Tiguan — New 2026 promo,Volkswagen,Tiguan — current promotion,2026,104990,Promotion — verify availability,New / GCC,New,0,https://www.volkswagen-abu-dhabi.com/en/offers/tiguan.html,ICE,0.8663406214039125,86.6,16,"AED 104,990 promotion with warranty/service/roadside package. Costs more than used Life but improves cost certainty and prior-use risk.",5,4,4,4,5,5,4,4,4,5,4,5
21,Mazda CX-5 GL — New 2026,Mazda,CX-5 GL 2.5L FWD,2026,104000,To Evaluate,New / GCC,New,0,https://uae.yallamotor.com/new-cars/mazda/cx-5/2-5l-gl-fwd,ICE,0.8891829689298044,88.9,8,AED 104k new. Full low-mileage runway and strong reliability/safety; used 2025 remains more capital-efficient.,5,4,5,4,4,5,4,5,4,5,5,4
22,Hyundai Tucson — New 2026,Hyundai,Tucson,2026,104500,To Evaluate,New / GCC — exact trim verify,New,0,https://uae.yallamotor.com/new-cars/hyundai/tucson,ICE,0.8891254315304948,88.9,10,AED 104.5k new. Strong feature/safety/reliability profile; compare exact trim/package against low-mileage used examples.,5,4,5,4,5,5,4,4,4,5,3,5
23,Kia Sportage LX — New 2026,Kia,Sportage LX 2.0 FWD,2026,102900,To Evaluate,New / GCC,New,0,https://uae.yallamotor.com/new-cars/search/kia/sportage,ICE,0.8707134637514384,87.1,13,AED 102.9k new. Strong safety/reliability/equipment; used 2025 target remains more capital-efficient if condition and warranty are strong.,5,4,5,4,4,5,4,4,4,5,4,5
24,Toyota Corolla Cross Hybrid — New 2026,Toyota,Corolla Cross Hybrid 1.8 XL,2026,96900,To Evaluate,New / GCC,New,0,https://www.toyota.ae/en/new-cars/corolla-cross-hybrid/,HEV,0.931300345224396,93.1,7,AED 96.9k new. Excellent sub-AED100k hybrid benchmark; trade-off is smaller cabin/cargo volume and modest performance.,5,5,5,5,4,5,4,5,4,5,3,4
25,Geely Monjaro GF — CPO Used 2025,Geely,Monjaro GF 2.0T 4WD — Certified,2025,105000,To Evaluate,Used / GCC CPO,Used,20685,https://shop.geely.ae/en/certified-selection?from_year=2021,ICE,0.761277330264672,76.1,36,"AED 105k at ~20.7k km. Strong equipment, space and performance with CPO mitigation; long-term UAE resale/maintenance evidence is less mature.",5,2,3,3,5,5,4,4,5,5,5,5
26,Chevrolet Equinox EV RS — New 2025,Chevrolet,Equinox EV RS FWD,2025,169900,To Evaluate,New / GCC,New,0,https://www.chevroletarabia.com/ae-en/electric/equinox-ev,EV,0.802704257767549,80.3,27,"AED 169.9k new. Excellent comfort, range, technology and low energy cost; high capex and shallow UAE EV resale history are the main penalties.",3,2,4,4,5,5,4,5,5,5,4,5
27,Chevrolet Equinox EV RS — Used 2025 (2.9k km),Chevrolet,Equinox EV RS FWD,2025,129900,To Evaluate,Used / GCC,Used,2900,https://uae.dubizzle.com/motors/used-cars/chevrolet/equinox/2026/06/29/chevrolet-equinox-ev-rs-gcc-3-134---504d4265b1d94817b05828825f79e86b/,EV,0.8481588032220942,84.8,21,"AED 129.9k at 2.9k km, ~23.5% below official new starting price. Verify battery SOH, charging history, accident history and transferable warranty.",4,3,4,4,5,5,4,5,5,5,4,5
28,Chevrolet Captiva PHEV Premier — New 2026,Chevrolet,Captiva PHEV Premier 1.5L,2026,109900,To Evaluate,New / GCC,New,0,https://www.chevroletarabia.com/ae-en/crossovers-and-suvs/captiva-phev,PHEV,0.803222094361335,80.3,26,AED 109.9k. Strong acquisition value and flexible PHEV use; long-term UAE resale and reliability evidence for the new powertrain remains limited.,5,3,3,4,4,5,4,5,5,5,4,5
29,Chevrolet Captiva PHEV Premier — Used 2026 (3k km),Chevrolet,Captiva PHEV Premier 1.5L,2026,92000,To Evaluate,Used / GCC,Used,3000,https://uae.dubizzle.com/motors/used-cars/chevrolet/s/fuel-type/hybrid/,PHEV,0.8380322209436134,83.8,22,"AED 92k at 3k km, ~16% below new. Verify battery/charging history, remaining warranty, first registration and accident/repair history.",5,4,3,4,4,5,4,5,5,5,4,5
30,MG HS Hybrid+ — New 2026,MG,HS Hybrid+ 1.5T,2026,96000,Quote required,New / GCC — official price recheck,New,0,https://www.mg-uae.com/,HEV,0.8197928653624854,82.0,25,"Around AED 96k screening reference. Competitive hybrid package; current official pages show inconsistent pricing, so a written dealer quote is mandatory.",5,3,3,4,5,5,4,5,4,5,4,5
31,JAECOO J7 SHS Trend — New 2026,JAECOO,J7 SHS Trend 1.5T PHEV,2026,99900,To Evaluate,New / GCC,New,0,https://omodajaecoo-dubai.ae/en/products/jaecoo/,PHEV,0.7552359033371692,75.5,38,AED 99.9k new. Strong acquisition/TCO/technology proposition; UAE resale and long-term durability history are still immature.,5,2,3,3,5,4,4,5,4,5,5,5
32,JAECOO J7 SHS — Used 2026 (6.2k km),JAECOO,J7 SHS 1.5T PHEV,2026,84800,To Evaluate,Used / GCC,Used,6200,https://uae.yallamotor.com/used-cars/abu-dhabi/jaecoo/j7/yr_2026_2026?page=1,PHEV,0.7900460299194476,79.0,29,AED 84.8k at 6.2k km. Early depreciation improves value; model-level resale/durability uncertainty remains.,5,3,3,3,5,4,4,5,4,5,5,5
33,Geely EX5 EM-i Pro — New 2026,Geely,EX5 EM-i Pro 1.5L PHEV,2026,89900,Quote required,New / GCC — published price reference,New,0,https://carprices.ae/brands/geely/2026/ex5-em-i/price,PHEV,0.7697353279631759,77.0,35,AED 89.9k published reference with long electric-powertrain warranty. Excellent value; UAE resale and long-duration EM-i reliability evidence remain limited.,5,2,3,4,5,4,4,5,4,5,4,5
34,BYD Song Plus DM-i FWD — New 2026,BYD,Song Plus 1.5L PHEV FWD,2026,119900,To Evaluate,New / GCC — price/promo verify,New,0,https://uae.yallamotor.com/new-cars/byd/prices,PHEV,0.8680092059838895,86.8,15,AED 119.9k reference. Al-Futtaim support and mature BYD PHEV/battery technology strengthen confidence; resale is still less established than Toyota/Honda.,4,3,4,5,5,5,4,5,4,5,5,5
35,BYD Song Plus DM-i — Used 2025 (12.6k km),BYD,Song Plus DM-i Premium PHEV,2025,99990,To Evaluate,Used / GCC,Used,12625,https://www.dubicars.com/uae/used/byd/song-plus,PHEV,0.8786536248561564,87.9,12,"AED 99,990 at 12.6k km. Strong value-oriented electrified candidate. Verify first registration, Al-Futtaim warranty/service eligibility, battery condition and accident history.",5,3,4,5,5,5,4,5,4,5,5,5
36,Chery Tiggo 7 Hybrid — New 2026,Chery,Tiggo 7 Hybrid 1.5T,2026,94900,To Evaluate,New / GCC,New,0,https://www.cheryuae.com/en/models/tiggo-7-hybrid,HEV,0.7513233601841197,75.1,39,AED 94.9k new. Strong price and equipment; resale depth and long-term UAE hybrid durability evidence are still emerging.,5,2,3,4,4,4,4,5,4,5,5,5
37,Chery Tiggo 8 Hybrid — New 2026,Chery,Tiggo 8 Hybrid 1.5T 7-seat,2026,108900,To Evaluate,New / GCC,New,0,https://www.cheryuae.com/en/fleet,HEV,0.7753164556962027,77.5,34,AED 108.9k new with seven seats and strong equipment. Main uncertainty is long-term UAE resale and hybrid durability.,4,2,3,4,5,4,4,5,5,5,5,5
38,Volkswagen Tiguan Life Plus — 0 km 2026,Volkswagen,Tiguan Life Plus,2026,119900,Conditional — registration gate,0 km dealer listing / GCC — first-registration gate,Used,0,https://dubizzle.com/s/DOGn23F,ICE,0.8556962025316455,85.6,18,"AED 119.9k at 0 km from a dealer, GCC. Attractive Life Plus equipment but not clearly better than recent official Tiguan campaign pricing; verify first registration, VIN/provenance, warranty/service-plan activation and whether it qualifies as genuinely new.",4,4,4,4,5,5,4,4,4,5,4,5
39,Alfa Romeo Tonale Veloce — Used 2024,Alfa Romeo,Tonale Veloce 2.0T AWD,2024,89950,To Evaluate,Used / GCC — warranty transfer verify,Used,20590,https://dubizzle.com/s/DOGn1fX,ICE,0.7182393555811278,71.8,40,"AED 89.95k at 20.6k km, GCC. Price is competitive versus recent Tonale Veloce dealer/CPO asks, but the model has steep UAE depreciation. Verify transferable agency warranty/service history, accident history and exact 2.0T AWD specification.",5,2,3,3,5,5,4,3,4,3,5,5
40,Volvo EX30 Ultra AWD — Used 2024,Volvo,EX30 Ultra AWD,2024,89000,Negotiate — above market comps,Used / GCC — owner listing; warranty/service verify,Used,47000,https://dubizzle.com/s/DOGnYga,EV,0.7575373993095511,75.8,37,"AED 89k at 47k km, GCC owner listing. Strong EV performance/safety and remaining battery-warranty potential, but comparable 2024 Ultra Performance cars around similar mileage have advertised materially lower prices. Confirm battery SOH, warranty/service transfer, charging history and accident history before considering.",5,2,3,4,4,5,4,5,3,5,5,5
